ISO_code,country,year,HFI 2018,GDP-PPP-PC 2018,POP 2018,GDP-GROWTH,GDP-GROWTH-2008,DI
ALB,Albania,2008,7.7,9912.58,2866376,,,5.98
ALB,Albania,2010,7.4,10749.48745,2866376,,,5.98
ALB,Albania,2012,7.36,11227.99449,2866376,,,5.98
ALB,Albania,2014,7.45,11586.86377,2866376,,,5.98
ALB,Albania,2016,7.63,12291.87338,2866376,,,5.98
ALB,Albania,2018,7.81,13324,2866376,4.071301295,7.49996956,5.98
DZA,Algeria,2008,5.32,10796.9,42228415,,,3.5
DZA,Algeria,2010,5.02,10970.70637,42228415,,,3.5
DZA,Algeria,2012,5.1,11233.53132,42228415,,,3.5
DZA,Algeria,2014,5.04,11512.70511,42228415,,,3.5
DZA,Algeria,2016,5.3,11826.16642,42228415,,,3.5
DZA,Algeria,2018,5.2,11642.2,42228415,1.2,2.4,3.5
AGO,Angola,2008,5.19,7864.37,30809787,,,3.62
AGO,Angola,2010,4.99,7692.434286,30809787,,,3.62
AGO,Angola,2012,5.66,8036.692402,30809787,,,3.62
AGO,Angola,2016,5.85,7568.998168,30809787,,,3.62
AGO,Angola,2018,5.48,6933,30809787,-2.003629727,11.16613833,3.62
ARG,Argentina,2008,7.2,23103.46,44494502,,,7.02
ARG,Argentina,2010,7.11,23521.27018,44494502,,,7.02
ARG,Argentina,2012,6.8,24118.86752,44494502,,,7.02
ARG,Argentina,2014,6.52,23550.09906,44494502,,,7.02
ARG,Argentina,2016,6.95,23189.52745,44494502,,,7.02
ARG,Argentina,2018,7.05,22759.4,44494502,-2.565351882,4.057233103,7.02
ARM,Armenia,2008,7.44,10467.53,2951741,,,4.79
ARM,Armenia,2010,7.42,9286.197327,2951741,,,4.79
ARM,Armenia,2012,7.44,10397.65466,2951741,,,4.79
ARM,Armenia,2014,7.32,11019.83878,2951741,,,4.79
ARM,Armenia,2016,7.56,11303.06785,2951741,,,4.79
ARM,Armenia,2018,7.69,12715.11,2951741,5.2,6.9,4.79
AUS,Australia,2008,8.7,44835.36,24982688,,,9.09
AUS,Australia,2010,8.63,44991.78371,24982688,,,9.09
AUS,Australia,2012,8.55,46427.3682,24982688,,,9.09
AUS,Australia,2014,8.61,47289.96461,24982688,,,9.09
AUS,Australia,2016,8.63,48197.43119,24982688,,,9.09
AUS,Australia,2018,8.68,49151.69,24982688,2.949285772,3.657953526,9.09
AUT,Austria,2008,8.45,53089.88,8840521,,,8.29
AUT,Austria,2010,8.36,51769.14556,8840521,,,8.29
AUT,Austria,2012,8.45,53221.07866,8840521,,,8.29
AUT,Austria,2014,8.53,52857.05632,8840521,,,8.29
AUT,Austria,2016,8.46,53269.3062,8840521,,,8.29
AUT,Austria,2018,8.45,55297.62,8840521,2.580120733,1.460423676,8.29
AZE,Azerbaijan,2008,6.31,12903.15,9939771,,,2.65
AZE,Azerbaijan,2010,6.17,14312.75612,9939771,,,2.65
AZE,Azerbaijan,2012,6.07,14023.98072,9939771,,,2.65
AZE,Azerbaijan,2014,6.12,14875.78164,9939771,,,2.65
AZE,Azerbaijan,2016,6.06,14238.78414,9939771,,,2.65
AZE,Azerbaijan,2018,6.29,14209.65,9939771,1.500401707,10.59143729,2.65
BHS,"Bahamas, The",2008,7.98,38746.78,385635,,,
BHS,"Bahamas, The",2010,7.56,36504.40705,385635,,,
BHS,"Bahamas, The",2012,7.5,36961.74854,385635,,,
BHS,"Bahamas, The",2014,7.47,35659.93113,385635,,,
BHS,"Bahamas, The",2016,7.66,35558.0725,385635,,,
BHS,"Bahamas, The",2018,7.72,37020,385635,3.025999168,-2.323507236,n
BHR,Bahrain,2008,7.13,46408.83,1569440,,,2.71
BHR,Bahrain,2010,6.93,44599.80497,1569440,,,2.71
BHR,Bahrain,2012,6.71,45035.97855,1569440,,,2.71
BHR,Bahrain,2014,6.75,48201.15717,1569440,,,2.71
BHR,Bahrain,2016,6.24,47937.70906,1569440,,,2.71
BHR,Bahrain,2018,6.18,46200.45,1569440,1.720972887,6.245010775,2.71
BGD,Bangladesh,2008,5.93,2659.05,161376713,,,5.57
BGD,Bangladesh,2010,5.94,2883.466794,161376713,,,5.57
BGD,Bangladesh,2012,5.82,3195.78104,161376713,,,5.57
BGD,Bangladesh,2014,5.81,3511.645506,161376713,,,5.57
BGD,Bangladesh,2016,5.7,3920.144507,161376713,,,5.57
BGD,Bangladesh,2018,5.67,4440.86,161376713,7.86374303,6.013789759,5.57
BRD,Barbados,2008,7.16,16946.67,286640,,,
BRD,Barbados,2010,7.33,15596.61681,286640,,,
BRD,Barbados,2012,7.41,15335.84805,286640,,,
BRD,Barbados,2014,6.78,15041.55475,286640,,,
BRD,Barbados,2016,7.2,15738.07866,286640,,,
BRD,Barbados,2018,6.99,15674.9,286640,-0.580333154,0.701030928,n
BLR,Belarus,2008,N,15942.9,9483499,,,3.13
BLR,Belarus,2016,6.24,17822.60659,9483499,,,3.13
BLR,Belarus,2018,6.67,18885.24,9483499,3.149197594,10.19999944,3.13
BEL,Belgium,2008,8.29,48422.58,11427054,,,7.78
BEL,Belgium,2010,8.29,47971.63031,11427054,,,7.78
BEL,Belgium,2012,8.25,48209.99152,11427054,,,7.78
BEL,Belgium,2014,8.38,48747.67705,11427054,,,7.78
BEL,Belgium,2016,8.22,49828.96291,11427054,,,7.78
BEL,Belgium,2018,8.28,51110.96,11427054,1.787920078,0.446928735,7.78
BLZ,Belize,2008,7.37,7426.89,383071,,,
BLZ,Belize,2010,6.86,7294.684143,383071,,,
BLZ,Belize,2012,6.87,7264.46478,383071,,,
BLZ,Belize,2014,5.8,7323.144701,383071,,,
BLZ,Belize,2016,7.14,7207.005184,383071,,,
BLZ,Belize,2018,6.92,7261.87,383071,2.908565072,3.489802978,n
BEN,Benin,2008,6.87,2738.19,11485035,,,5.74
BEN,Benin,2010,6.33,2704.705484,11485035,,,5.74
BEN,Benin,2012,6.44,2759.848256,11485035,,,5.74
BEN,Benin,2014,6.82,2975.854782,11485035,,,5.74
BEN,Benin,2016,6.69,2961.440416,11485035,,,5.74
BEN,Benin,2018,6.81,3160.78,11485035,6.697259461,4.896577084,5.74
BTN,Bhutan,2008,N,6995.78,754396,,,5.3
BTN,Bhutan,2014,6.82,9574.029004,754396,,,5.3
BTN,Bhutan,2016,6.56,10775.19031,754396,,,5.3
BTN,Bhutan,2018,6.52,11348.44,754396,3.055129837,4.799460612,5.3
BOL,Bolivia,2008,6.85,6351.23,11353140,,,5.7
BOL,Bolivia,2010,6.85,6612.803357,11353140,,,5.7
BOL,Bolivia,2012,7.04,7081.386128,11353140,,,5.7
BOL,Bolivia,2014,6.98,7730.638402,11353140,,,5.7
BOL,Bolivia,2016,6.82,8202.544232,11353140,,,5.7
BOL,Bolivia,2018,6.78,8655.53,11353140,4.223623653,6.148497195,5.7
BIH,Bosnia and Herzegovina,2008,7.46,11035.04,3323929,,,4.98
BIH,Bosnia and Herzegovina,2010,7.42,10938.28505,3323929,,,4.98
BIH,Bosnia and Herzegovina,2012,7.34,11257.83507,3323929,,,4.98
BIH,Bosnia and Herzegovina,2014,7.33,12066.58706,3323929,,,4.98
BIH,Bosnia and Herzegovina,2016,7.41,13194.3254,3323929,,,4.98
BIH,Bosnia and Herzegovina,2018,7.34,14386.73,3323929,3.740071092,5.441846789,4.98
BWA,Botswana,2008,6.99,14616,2254067,,,7.81
BWA,Botswana,2010,6.79,14126.38227,2254067,,,7.81
BWA,Botswana,2012,6.66,15245.98099,2254067,,,7.81
BWA,Botswana,2014,6.7,17264.3958,2254067,,,7.81
BWA,Botswana,2016,7.29,17117.27279,2254067,,,7.81
BWA,Botswana,2018,7.35,17634.66,2254067,4.478836553,6.245437363,7.81
BRA,Brazil,2008,7.23,14114.97,209469320,,,6.97
BRA,Brazil,2010,7.17,14873.20832,209469320,,,6.97
BRA,Brazil,2012,6.98,15478.78929,209469320,,,6.97
BRA,Brazil,2014,6.81,15749.51216,209469320,,,6.97
BRA,Brazil,2016,6.68,14451.15284,209469320,,,6.97
BRA,Brazil,2018,6.83,14668.26,209469320,1.783666761,5.094195447,6.97
BRN,Brunei Darussalam,2008,N,68856.16,428960,,,
BRN,Brunei Darussalam,2010,6.64,67753.42177,428960,,,
BRN,Brunei Darussalam,2012,6.76,69090.34149,428960,,,
BRN,Brunei Darussalam,2014,7.04,64190.82415,428960,,,
BRN,Brunei Darussalam,2016,6.46,60867.29187,428960,,,
BRN,Brunei Darussalam,2018,6.01,60389.18,428960,0.052237791,-1.939714638,n
BGR,Bulgaria,2008,7.89,17717.12,7025037,,,7.03
BGR,Bulgaria,2010,7.94,17440.67188,7025037,,,7.03
BGR,Bulgaria,2012,7.82,18134.96084,7025037,,,7.03
BGR,Bulgaria,2014,7.86,18747.37005,7025037,,,7.03
BGR,Bulgaria,2016,7.83,20513.10095,7025037,,,7.03
BGR,Bulgaria,2018,7.93,22208.45,7025037,3.092447654,6.085627607,7.03
BFA,Burkina Faso,2008,6.89,1632.95,19751466,,,4.75
BFA,Burkina Faso,2010,6.55,1716.358323,19751466,,,4.75
BFA,Burkina Faso,2012,6.47,1834.543308,19751466,,,4.75
BFA,Burkina Faso,2014,6.75,1907.949213,19751466,,,4.75
BFA,Burkina Faso,2016,6.7,1981.429814,19751466,,,4.75
BFA,Burkina Faso,2018,6.6,2120.33,19751466,6.731235608,5.799991741,4.75
BDI,Burundi,2008,5.65,827.79,11175379,,,2.33
BDI,Burundi,2010,5.58,846.1691368,11175379,,,2.33
BDI,Burundi,2012,5.6,862.715713,11175379,,,2.33
BDI,Burundi,2014,6.26,886.2354167,11175379,,,2.33
BDI,Burundi,2016,5.35,794.6042714,11175379,,,2.33
BDI,Burundi,2018,5.42,761.52,11175379,1.609933082,4.861712995,2.33
KHM,Cambodia,2008,N,2640.63,16249795,,,3.59
KHM,Cambodia,2010,7.21,2716.699738,16249795,,,3.59
KHM,Cambodia,2012,6.98,3022.596725,16249795,,,3.59
KHM,Cambodia,2014,7.08,3364.278069,16249795,,,3.59
KHM,Cambodia,2016,7.07,3733.524626,16249795,,,3.59
KHM,Cambodia,2018,6.83,4159.34,16249795,7.469169207,6.691577475,3.59
CMR,Cameroon,2008,5.68,3084.99,25216261,,,3.28
CMR,Cameroon,2010,5.92,3086.221474,25216261,,,3.28
CMR,Cameroon,2012,6.16,3180.772335,25216261,,,3.28
CMR,Cameroon,2014,6.13,3362.664809,25216261,,,3.28
CMR,Cameroon,2016,5.63,3524.443041,25216261,,,3.28
CMR,Cameroon,2018,5.46,3603.55,25216261,4.06248684,3.488800919,3.28
CAN,Canada,2008,8.66,45851.63,37065178,,,9.15
CAN,Canada,2010,8.62,44861.52396,37065178,,,9.15
CAN,Canada,2012,8.56,46126.51389,37065178,,,9.15
CAN,Canada,2014,8.61,47564.60911,37065178,,,9.15
CAN,Canada,2016,8.64,47457.58535,37065178,,,9.15
CAN,Canada,2018,8.64,48796.81,37065178,2.429547545,1.007622695,9.15
CPV,Cape Verde,2008,N,6341.2,543764,,,7.88
CPV,Cape Verde,2010,7.4,6200.343537,543764,,,7.88
CPV,Cape Verde,2012,7.6,6353.707704,543764,,,7.88
CPV,Cape Verde,2014,6.73,6281.793971,543764,,,7.88
CPV,Cape Verde,2016,7.77,6482.72155,543764,,,7.88
CPV,Cape Verde,2018,7.75,6864.19,543764,4.531161684,6.650520523,7.88
CAF,Central African Republic,2008,5.71,1085.44,4666375,,,1.52
CAF,Central African Republic,2010,5.47,1201.352197,4666375,,,1.52
CAF,Central African Republic,2012,5.14,1300.28881,4666375,,,1.52
CAF,Central African Republic,2014,4.87,822.6111949,4666375,,,1.52
CAF,Central African Republic,2016,5.25,884.4951965,4666375,,,1.52
CAF,Central African Republic,2018,5.25,933.11,4666375,3.789443593,2.054130962,1.52
TCD,Chad,2008,5.42,1564.79,15477727,,,1.61
TCD,Chad,2010,5.64,1732.691584,15477727,,,1.61
TCD,Chad,2012,5.13,1765.194984,15477727,,,1.61
TCD,Chad,2014,5.28,1866.266079,15477727,,,1.61
TCD,Chad,2016,5.07,1687.053569,15477727,,,1.61
TCD,Chad,2018,5.59,1576.32,15477727,2.3740378,3.052691532,1.61
CHL,Chile,2008,8.2,20840.4,18729166,,,7.97
CHL,Chile,2010,8.12,21262.46699,18729166,,,7.97
CHL,Chile,2012,8.07,23300.4423,18729166,,,7.97
CHL,Chile,2014,8.08,24173.06494,18729166,,,7.97
CHL,Chile,2016,8.03,24531.35774,18729166,,,7.97
CHL,Chile,2018,8.18,25028.91,18729166,3.713859177,3.529530553,7.97
CHN,China,2008,6.04,7412.87,1392730000,,,3.32
CHN,China,2010,5.59,8884.588031,1392730000,,,3.32
CHN,China,2012,5.76,10397.56142,1392730000,,,3.32
CHN,China,2014,5.63,11917.3385,1392730000,,,3.32
CHN,China,2016,5.98,13487.82248,1392730000,,,3.32
CHN,China,2018,6.07,15242.99,1392730000,6.749773832,9.65067892,3.32
COL,Colombia,2008,6.86,11393.2,49661056,,,6.96
COL,Colombia,2010,6.72,11783.29991,49661056,,,6.96
COL,Colombia,2012,6.23,12852.6257,49661056,,,6.96
COL,Colombia,2014,6.41,13852.24205,49661056,,,6.96
COL,Colombia,2016,6.84,14194.51566,49661056,,,6.96
COL,Colombia,2018,6.85,14314.86,49661056,2.564324283,3.283446186,6.96
COD,"Congo, Dem. Rep.",2008,5.33,839.82,84068092,,,1.49
COD,"Congo, Dem. Rep.",2010,5.52,865.6840402,84068092,,,1.49
COD,"Congo, Dem. Rep.",2012,4.74,926.7878162,84068092,,,1.49
COD,"Congo, Dem. Rep.",2014,5.09,1029.790813,84068092,,,1.49
COD,"Congo, Dem. Rep.",2016,5.42,1055.572915,84068092,,,1.49
COD,"Congo, Dem. Rep.",2018,5.29,1085.89,84068092,5.8211211,6.225894269,1.49
COG,"Congo, Rep.",2008,5.56,4490.5,5244363,,,3.31
COG,"Congo, Rep.",2010,5.65,5172.760902,5244363,,,3.31
COG,"Congo, Rep.",2012,5.34,5508.011333,5244363,,,3.31
COG,"Congo, Rep.",2014,5.76,5556.70481,5244363,,,3.31
COG,"Congo, Rep.",2016,5.34,4551.370451,5244363,,,3.31
COG,"Congo, Rep.",2018,5.51,3933.43,5244363,-4.846001061,6.306375956,3.31
CRI,Costa Rica,2008,7.88,16527.44,4999443,,,8.07
CRI,Costa Rica,2010,7.61,16830.43618,4999443,,,8.07
CRI,Costa Rica,2012,7.85,17994.53623,4999443,,,8.07
CRI,Costa Rica,2014,7.91,18669.09668,4999443,,,8.07
CRI,Costa Rica,2016,7.92,19736.6653,4999443,,,8.07
CRI,Costa Rica,2018,7.84,20559.86,4999443,2.05620273,4.738174878,8.07
CIV,Cote d'Ivoire,2008,6.13,3639.89,25069226,,,6.57
CIV,Cote d'Ivoire,2010,5.77,3660.903847,25069226,,,6.57
CIV,Cote d'Ivoire,2012,6.09,3692.647643,25069226,,,6.57
CIV,Cote d'Ivoire,2014,6.42,4161.9403,25069226,,,6.57
CIV,Cote d'Ivoire,2016,6.39,4615.709257,25069226,,,6.57
CIV,Cote d'Ivoire,2018,6.51,5033.48,25069226,6.89028432,2.542841476,6.57
HRV,Croatia,2008,7.49,26460.9,4087843,,,3
HRV,Croatia,2010,7.44,24280.60269,4087843,,,3
HRV,Croatia,2012,7.66,23807.31559,4087843,,,3
HRV,Croatia,2014,7.75,23782.50246,4087843,,,3
HRV,Croatia,2016,7.82,25599.84362,4087843,,,3
HRV,Croatia,2018,7.92,27799.84,4087843,2.807609701,1.8934529,3
CYP,Cyprus,2008,8.39,40484.61,1189262,,,7.59
CYP,Cyprus,2010,8.37,38379.0904,1189262,,,7.59
CYP,Cyprus,2012,7.97,35719.3218,1189262,,,7.59
CYP,Cyprus,2014,8.03,33207.77071,1189262,,,7.59
CYP,Cyprus,2016,8.24,36523.73321,1189262,,,7.59
CYP,Cyprus,2018,8.05,39559.49,1189262,5.240747828,3.646811991,7.59
CZE,Czech Republic,2008,8.37,34580.44,10629928,,,7.69
CZE,Czech Republic,2010,8.19,33483.13759,10629928,,,7.69
CZE,Czech Republic,2012,8.25,33688.09983,10629928,,,7.69
CZE,Czech Republic,2014,8.34,34386.70491,10629928,,,7.69
CZE,Czech Republic,2016,8.42,37014.95929,10629928,,,7.69
CZE,Czech Republic,2018,8.29,39932.99,10629928,3.198656101,2.686411951,7.69
DNK,Denmark,2008,8.72,52982.53,5793636,,,9.22
DNK,Denmark,2010,8.64,50825.41229,5793636,,,9.22
DNK,Denmark,2012,8.54,51216.30941,5793636,,,9.22
DNK,Denmark,2014,8.62,52048.33549,5793636,,,9.22
DNK,Denmark,2016,8.62,54185.00848,5793636,,,9.22
DNK,Denmark,2018,8.73,56281.29,5793636,1.989537315,-0.512016745,9.22
DOM,Dominican Republic,2008,6.96,11980.84,10627147,,,6.54
DOM,Dominican Republic,2010,6.97,12782.45717,10627147,,,6.54
DOM,Dominican Republic,2012,7.01,13219.69413,10627147,,,6.54
DOM,Dominican Republic,2014,7.16,14499.63041,10627147,,,6.54
DOM,Dominican Republic,2016,7.36,16166.61153,10627147,,,6.54
DOM,Dominican Republic,2018,7.37,17711.8,10627147,6.982527585,3.209504262,6.54
ECU,Ecuador,2008,6.92,10257.4,17084359,,,6.27
ECU,Ecuador,2010,6.61,10340.9703,17084359,,,6.27
ECU,Ecuador,2012,6.65,11431.37562,17084359,,,6.27
ECU,Ecuador,2014,6.6,12078.47439,17084359,,,6.27
ECU,Ecuador,2016,7.01,11551.61597,17084359,,,6.27
ECU,Ecuador,2018,7.14,11561.75,17084359,1.289291933,6.3571306,6.27
EGY,"Egypt, Arab Rep.",2008,5.76,9763.5,98423602,,,3.36
EGY,"Egypt, Arab Rep.",2010,5.81,10340.07323,98423602,,,3.36
EGY,"Egypt, Arab Rep.",2012,5.53,10301.10781,98423602,,,3.36
EGY,"Egypt, Arab Rep.",2014,5.31,10353.6668,98423602,,,3.36
EGY,"Egypt, Arab Rep.",2016,4.39,10795.80874,98423602,,,3.36
EGY,"Egypt, Arab Rep.",2018,4.67,11366.34,98423602,5.314121037,7.156283564,3.36
SLV,El Salvador,2008,7.46,7392.85,6420740,,,5.96
SLV,El Salvador,2010,7.19,7328.71991,6420740,,,5.96
SLV,El Salvador,2012,7.12,7754.687992,6420740,,,5.96
SLV,El Salvador,2014,7.26,7990.459574,6420740,,,5.96
SLV,El Salvador,2016,7.15,8309.441799,6420740,,,5.96
SLV,El Salvador,2018,7.03,8614.02,6420740,2.412371287,2.570846686,5.96
EST,Estonia,2008,8.46,29616.69,1321977,,,7.97
EST,Estonia,2010,8.45,26133.38181,1321977,,,7.97
EST,Estonia,2012,8.23,29139.52702,1321977,,,7.97
EST,Estonia,2014,8.3,30602.59549,1321977,,,7.97
EST,Estonia,2016,8.54,32130.30088,1321977,,,7.97
EST,Estonia,2018,8.54,35208.02,1321977,4.133819798,-5.132000958,7.97
SWZ,Eswatini,2008,,7176.21,1136274,,,3.03
SWZ,Eswatini,2010,5.74,7459.227976,1136274,,,3.03
SWZ,Eswatini,2012,5.5,7930.468678,1136274,,,3.03
SWZ,Eswatini,2014,5.94,8192.527953,1136274,,,3.03
SWZ,Eswatini,2016,5.96,8321.031914,1136274,,,3.03
SWZ,Eswatini,2018,6.02,8520.59,1136274,2.371609694,0.821663914,3.03
ETH,Ethiopia,2008,5.36,1086.7,109224410,,,3.35
ETH,Ethiopia,2010,5.4,1259.022581,109224410,,,3.35
ETH,Ethiopia,2012,5.22,1437.376607,109224410,,,3.35
ETH,Ethiopia,2014,5.53,1656.634489,109224410,,,3.35
ETH,Ethiopia,2016,5.33,1894.897364,109224410,,,3.35
ETH,Ethiopia,2018,5.4,2103.52,109224410,6.816147797,10.78852169,3.35
FJI,Fiji,2008,7.27,10566.93,883490,,,5.85
FJI,Fiji,2010,7.34,10547.9304,883490,,,5.85
FJI,Fiji,2012,7.15,10919.49717,883490,,,5.85
FJI,Fiji,2014,7.17,12057.98713,883490,,,5.85
FJI,Fiji,2016,7.13,12820.7246,883490,,,5.85
FJI,Fiji,2018,6.98,13846.16,883490,3.812637219,1.03279422,5.85
FIN,Finland,2008,8.63,48817.99,5515525,,,9.14
FIN,Finland,2010,8.64,45874.6613,5515525,,,9.14
FIN,Finland,2012,8.58,45952.24638,5515525,,,9.14
FIN,Finland,2014,8.55,44976.77645,5515525,,,9.14
FIN,Finland,2016,8.46,46206.78781,5515525,,,9.14
FIN,Finland,2018,8.49,48130.29,5515525,1.141947509,0.783995061,9.14
FRA,France,2008,8.27,42996.21,67101930,,,7.8
FRA,France,2010,8.13,42147.67168,67101930,,,7.8
FRA,France,2012,7.97,42790.63288,67101930,,,7.8
FRA,France,2014,8.05,43021.39464,67101930,,,7.8
FRA,France,2016,8.11,43705.14756,67101930,,,7.8
FRA,France,2018,8.05,45251.91,67101930,1.865066071,0.25494596,7.8
GAB,Gabon,2008,5.88,14378.49,2119275,,,3.61
GAB,Gabon,2010,5.92,14415.44591,2119275,,,3.61
GAB,Gabon,2012,5.89,15082.65656,2119275,,,3.61
GAB,Gabon,2014,5.85,15437.26503,2119275,,,3.61
GAB,Gabon,2016,5.84,15359.7404,2119275,,,3.61
GAB,Gabon,2018,6.14,14744.43,2119275,0.842950946,-3.308430649,3.61
GMB,"Gambia, The",2008,N,2205.11,2280092,,,4.31
GMB,"Gambia, The",2010,6.15,2346.720479,2280092,,,4.31
GMB,"Gambia, The",2012,6.29,2135.744238,2280092,,,4.31
GMB,"Gambia, The",2014,6.2,2038.802518,2280092,,,4.31
GMB,"Gambia, The",2016,6.06,2036.877159,2280092,,,4.31
GMB,"Gambia, The",2018,6.27,2158.08,2280092,7.234890333,6.255905534,4.31
GEO,Georgia,2008,7.6,9358.61,3726549,,,5.5
GEO,Georgia,2010,7.73,9736.732094,3726549,,,5.5
GEO,Georgia,2012,7.53,11295.75409,3726549,,,5.5
GEO,Georgia,2014,7.82,12254.64565,3726549,,,5.5
GEO,Georgia,2016,7.8,12963.74396,3726549,,,5.5
GEO,Georgia,2018,7.87,14253.41,3726549,4.842919885,2.418571659,5.5
DEU,Germany,2008,8.39,47573.03,82905782,,,8.68
DEU,Germany,2010,8.34,46929.99341,82905782,,,8.68
DEU,Germany,2012,8.44,49798.96767,82905782,,,8.68
DEU,Germany,2014,8.49,50770.61349,82905782,,,8.68
DEU,Germany,2016,8.55,51803.23542,82905782,,,8.68
DEU,Germany,2018,8.52,53463.4,82905782,1.086024514,0.959879134,8.68
GHA,Ghana,2008,7.42,3466.81,29767108,,,6.63
GHA,Ghana,2010,6.99,3729.475903,29767108,,,6.63
GHA,Ghana,2012,6.84,4431.023735,29767108,,,6.63
GHA,Ghana,2014,7.25,4670.244898,29767108,,,6.63
GHA,Ghana,2016,7.24,4712.514355,29767108,,,6.63
GHA,Ghana,2018,7.04,5177.88,29767108,6.200077672,9.149798975,6.63
GRC,Greece,2008,7.79,37461.54,10732882,,,7.29
GRC,Greece,2010,7.71,33753.61775,10732882,,,7.29
GRC,Greece,2012,7.57,28374.67695,10732882,,,7.29
GRC,Greece,2014,7.47,28178.69021,10732882,,,7.29
GRC,Greece,2016,7.3,28226.90728,10732882,,,7.29
GRC,Greece,2018,7.38,29150.69,10732882,1.558977652,-0.33517238,7.29
GTM,Guatemala,2008,7.35,7365.28,16346950,,,5.6
GTM,Guatemala,2010,7.2,7335.988974,16346950,,,5.6
GTM,Guatemala,2012,6.53,7590.755467,16346950,,,5.6
GTM,Guatemala,2014,7.01,7939.374378,16346950,,,5.6
GTM,Guatemala,2016,7.23,8206.047987,16346950,,,5.6
GTM,Guatemala,2018,7.21,8462.17,16346950,3.322097997,3.293524,5.6
GIN,Guinea,2008,N,1889.19,12414292,,,3.14
GIN,Guinea,2014,5.22,2061.694917,12414292,,,3.14
GIN,Guinea,2016,5.56,2253.477683,12414292,,,3.14
GIN,Guinea,2018,5.45,2499.71,12414292,6.358491927,4.133009273,3.14
GNB,Guinea-Bissau,2008,5.83,1700.29,1874304,,,1.98
GNB,Guinea-Bissau,2010,5.81,1747.237485,1874304,,,1.98
GNB,Guinea-Bissau,2012,5.88,1760.883995,1874304,,,1.98
GNB,Guinea-Bissau,2014,6.36,1740.896737,1874304,,,1.98
GNB,Guinea-Bissau,2016,5.91,1864.263035,1874304,,,1.98
GNB,Guinea-Bissau,2018,6.15,1901.93,1874304,1.283736703,3.203567307,1.98
GUY,Guyana,2008,6.72,9112.21,779007,,,6.67
GUY,Guyana,2010,6.59,9789.0167,779007,,,6.67
GUY,Guyana,2012,7.04,10780.96439,779007,,,6.67
GUY,Guyana,2014,6.13,11244.44524,779007,,,6.67
GUY,Guyana,2016,6.87,11631.0432,779007,,,6.67
GUY,Guyana,2018,7,12477.58,779007,4.440980724,1.605258868,6.67
HTI,Haiti,2008,7.28,2758.58,11123183,,,4.91
HTI,Haiti,2010,6.58,2735.283617,11123183,,,4.91
HTI,Haiti,2012,6.69,2833.777734,11123183,,,4.91
HTI,Haiti,2014,7.17,2935.219925,11123183,,,4.91
HTI,Haiti,2016,6.83,2952.617094,11123183,,,4.91
HTI,Haiti,2018,6.68,2992.31,11123183,1.667826664,2.478297341,4.91
HND,Honduras,2008,7.27,5011.61,9587523,,,5.63
HND,Honduras,2010,6.76,4866.973931,9587523,,,5.63
HND,Honduras,2012,6.41,5065.456999,9587523,,,5.63
HND,Honduras,2014,6.53,5177.415197,9587523,,,5.63
HND,Honduras,2016,6.73,5395.614551,9587523,,,5.63
HND,Honduras,2018,6.94,5680.36,9587523,3.84499477,2.127917031,5.63
HKG,"Hong Kong SAR, China",2008,8.99,49788.81,7451000,,,6.15
HKG,"Hong Kong SAR, China",2010,8.93,51360.96698,7451000,,,6.15
HKG,"Hong Kong SAR, China",2012,9.04,53785.15301,7451000,,,6.15
HKG,"Hong Kong SAR, China",2014,9.06,56359.29899,7451000,,,6.15
HKG,"Hong Kong SAR, China",2016,8.69,58096.29926,7451000,,,6.15
HKG,"Hong Kong SAR, China",2018,8.74,61062.95,7451000,2.846447939,2.127917031,6.15
HUN,Hungary,2008,8.14,25792.7,9775564,,,6.63
HUN,Hungary,2010,8.1,24427.62873,9775564,,,6.63
HUN,Hungary,2012,7.9,24754.22591,9775564,,,6.63
HUN,Hungary,2014,7.92,26424.7204,9775564,,,6.63
HUN,Hungary,2016,7.88,28170.82136,9775564,,,6.63
HUN,Hungary,2018,7.61,31095.56,9775564,5.399709209,1.05828925,6.63
ISL,Iceland,2008,8.19,52999.44,352721,,,9.58
ISL,Iceland,2010,7.89,47457.62292,352721,,,9.58
ISL,Iceland,2012,8.11,48440.25508,352721,,,9.58
ISL,Iceland,2014,8.22,50450.74161,352721,,,9.58
ISL,Iceland,2016,8.37,54665.76392,352721,,,9.58
ISL,Iceland,2018,8.39,56722.12,352721,4.892180731,2.209496419,9.58
IND,India,2008,6.55,3720.09,1352642283,,,7.23
IND,India,2010,6.56,4234.979573,1352642283,,,7.23
IND,India,2012,6.98,4583.173199,1352642283,,,7.23
IND,India,2014,6.76,5116.629105,1352642283,,,7.23
IND,India,2016,6.42,5851.39488,1352642283,,,7.23
IND,India,2018,6.43,6518.85,1352642283,6.532989011,3.08669806,7.23
IDN,Indonesia,2008,6.88,7657.59,267670549,,,6.39
IDN,Indonesia,2010,6.92,8286.73287,267670549,,,6.39
IDN,Indonesia,2012,6.96,9080.066113,267670549,,,6.39
IDN,Indonesia,2014,6.97,9801.166283,267670549,,,6.39
IDN,Indonesia,2016,7.1,10531.11097,267670549,,,6.39
IDN,Indonesia,2018,7.07,11371.73,267670549,5.17429154,6.0137036,6.39
IRN,"Iran, Islamic Rep.",2008,5.22,13213.1,81800204,,,2.45
IRN,"Iran, Islamic Rep.",2010,5.14,13805.70382,81800204,,,2.45
IRN,"Iran, Islamic Rep.",2012,4.53,12807.39475,81800204,,,2.45
IRN,"Iran, Islamic Rep.",2014,4.63,13038.55506,81800204,,,2.45
IRN,"Iran, Islamic Rep.",2016,4.98,14205.21163,81800204,,,2.45
IRN,"Iran, Islamic Rep.",2018,4.53,13471.86,81800204,-6.025971803,0.250856553,2.45
IRQ,Iraq,2008,N,8333.32,38433604,,,4.06
IRQ,Iraq,2016,4.5,11191.11504,38433604,,,4.06
IRQ,Iraq,2018,4.9,10346.21,38433604,-1.213963399,8.228107104,4.06
IRL,Ireland,2008,8.51,56485.7,4867316,,,9.15
IRL,Ireland,2010,8.46,53725.0336,4867316,,,9.15
IRL,Ireland,2012,8.59,53653.73477,4867316,,,9.15
IRL,Ireland,2014,8.64,58267.41227,4867316,,,9.15
IRL,Ireland,2016,8.67,72864.48914,4867316,,,9.15
IRL,Ireland,2018,8.62,84303.34,4867316,9.0301611,-4.486599314,9.15
ISR,Israel,2008,7.29,34065.41,8882800,,,7.79
ISR,Israel,2010,7.89,34800.24747,8882800,,,7.79
ISR,Israel,2012,7.52,35942.71484,8882800,,,7.79
ISR,Israel,2014,7.37,37474.84918,8882800,,,7.79
ISR,Israel,2016,7.83,38234.72448,8882800,,,7.79
ISR,Israel,2018,7.44,39418.35,8882800,3.479370319,2.999678667,7.79
ITA,Italy,2008,8.13,44623.6,60421760,,,7.71
ITA,Italy,2010,8.08,42664.35527,60421760,,,7.71
ITA,Italy,2012,8.09,41501.71123,60421760,,,7.71
ITA,Italy,2014,8.09,39898.52646,60421760,,,7.71
ITA,Italy,2016,8.17,40837.73763,60421760,,,7.71
ITA,Italy,2018,8.12,42052.56,60421760,0.941737193,-0.962012841,7.71
JAM,Jamaica,2008,7.21,10113.16,2934853,,,7.02
JAM,Jamaica,2010,7.09,9435.760842,2934853,,,7.02
JAM,Jamaica,2012,7.08,9433.845758,2934853,,,7.02
JAM,Jamaica,2014,7.2,9438.476912,2934853,,,7.02
JAM,Jamaica,2016,7.35,9553.096196,2934853,,,7.02
JAM,Jamaica,2018,7.44,9734.86,2934853,1.889923681,-0.811736703,7.02
JPN,Japan,2008,8.49,38141.93,126529100,,,7.99
JPN,Japan,2010,8.07,37586.16715,126529100,,,7.99
JPN,Japan,2012,8.14,38235.74504,126529100,,,7.99
JPN,Japan,2014,8.04,39255.27845,126529100,,,7.99
JPN,Japan,2016,8.45,40031.27076,126529100,,,7.99
JPN,Japan,2018,8.49,41182.38,126529100,0.558851275,-1.224289001,7.99
JOR,Jordan,2008,6.79,11662.9,9965322,,,3.93
JOR,Jordan,2010,6.65,11315.5027,9965322,,,3.93
JOR,Jordan,2012,6.88,10688.28934,9965322,,,3.93
JOR,Jordan,2014,6.74,10284.6701,9965322,,,3.93
JOR,Jordan,2016,7.01,10036.54362,9965322,,,3.93
JOR,Jordan,2018,6.92,10013.4,9965322,1.934091701,7.232318964,3.93
KAZ,Kazakhstan,2008,6.79,19770.22,18276452,,,2.94
KAZ,Kazakhstan,2010,6.87,20751.25724,18276452,,,2.94
KAZ,Kazakhstan,2012,6.62,22702.57884,18276452,,,2.94
KAZ,Kazakhstan,2014,6.64,24355.75612,18276452,,,2.94
KAZ,Kazakhstan,2016,6.78,24210.86296,18276452,,,2.94
KAZ,Kazakhstan,2018,6.99,25544.34,18276452,4.1,3.3,2.94
KEN,Kenya,2008,6.63,3140.61,51392570,,,5.11
KEN,Kenya,2010,6.81,3329.853752,51392570,,,5.11
KEN,Kenya,2012,6.64,3501.789724,51392570,,,5.11
KEN,Kenya,2014,6.75,3709.152563,51392570,,,5.11
KEN,Kenya,2016,6.92,3952.758132,51392570,,,5.11
KEN,Kenya,2018,6.75,4203.84,51392570,6.318450702,0.232282746,5.11
KOR,"Korea, Rep.",2008,8.13,32275.13,51606633,,,8
KOR,"Korea, Rep.",2010,8.18,34394.49049,51606633,,,8
KOR,"Korea, Rep.",2012,8.03,36049.19349,51606633,,,8
KOR,"Korea, Rep.",2014,7.98,37967.47562,51606633,,,8
KOR,"Korea, Rep.",2016,8.26,39814.65893,51606633,,,8
KOR,"Korea, Rep.",2018,8.27,41948.35,51606633,2.907403774,3.012984873,8
KWT,Kuwait,2008,6.51,73022.97,4137314,,,3.85
KWT,Kuwait,2010,6.64,58810.40487,4137314,,,3.85
KWT,Kuwait,2012,6.58,61416.97843,4137314,,,3.85
KWT,Kuwait,2014,6.41,56647.43742,4137314,,,3.85
KWT,Kuwait,2016,6.27,54708.97979,4137314,,,3.85
KWT,Kuwait,2018,6.39,50478.59,4137314,1.246129323,2.479756943,3.85
KGZ,Kyrgyz Republic,2008,6.62,4142.21,6322800,,,5.11
KGZ,Kyrgyz Republic,2010,6.4,4141.077206,6322800,,,5.11
KGZ,Kyrgyz Republic,2012,6.37,4259.318204,6322800,,,5.11
KGZ,Kyrgyz Republic,2014,6.58,4722.086002,6322800,,,5.11
KGZ,Kyrgyz Republic,2016,6.78,4912.382484,6322800,,,5.11
KGZ,Kyrgyz Republic,2018,7.05,5133.15,6322800,3.757910128,8.40161606,5.11
LAO,Lao PDR,2008,,4296.48,7061498,,,2.37
LAO,Lao PDR,2014,6.43,6193.340326,7061498,,,2.37
LAO,Lao PDR,2016,6.06,6896.127374,7061498,,,2.37
LAO,Lao PDR,2018,6.16,7592.83,7061498,6.247960008,7.824902763,2.37
LVA,Latvia,2008,8.27,24711.11,1927174,,,7.38
LVA,Latvia,2010,7.94,21023.90133,1927174,,,7.38
LVA,Latvia,2012,8.09,24060.98577,1927174,,,7.38
LVA,Latvia,2014,8.24,25387.00765,1927174,,,7.38
LVA,Latvia,2016,8.42,27503.1773,1927174,,,7.38
LVA,Latvia,2018,8.34,30036.09,1927174,4.024311045,-3.32730004,7.38
LBN,Lebanon,2008,,17030.15,6859408,,,4.63
LBN,Lebanon,2010,6.82,19499.1728,6859408,,,4.63
LBN,Lebanon,2012,6.73,18039.02895,6859408,,,4.63
LBN,Lebanon,2014,6.48,16970.43617,6859408,,,4.63
LBN,Lebanon,2016,6.78,16100.9228,6859408,,,4.63
LBN,Lebanon,2018,6.7,15588.15,6859408,-1.926404771,9.069128269,4.63
LSO,Lesotho,2008,6.25,2267.25,2108327,,,6.64
LSO,Lesotho,2010,5.81,2346.713297,2108327,,,6.64
LSO,Lesotho,2012,6.4,2585.365725,2108327,,,6.64
LSO,Lesotho,2014,6.66,2639.445825,2108327,,,6.64
LSO,Lesotho,2016,6.66,2776.740984,2108327,,,6.64
LSO,Lesotho,2018,6.6,2614.66,2108327,-1.223137311,5.522028201,6.64
LBR,Liberia,2008,,1370.91,4818976,,,5.35
LBR,Liberia,2010,8.15,1420.046246,4818976,,,5.35
LBR,Liberia,2014,6.66,1621.344665,4818976,,,5.35
LBR,Liberia,2016,6.53,1516.355714,4818976,,,5.35
LBR,Liberia,2018,6.4,1497,4818976,1.222551313,7.145688998,5.35
LBY,Libya,2008,,22129.19,6678565,,,2.19
LBY,Libya,2014,4.42,12201.20468,6678565,,,2.19
LBY,Libya,2016,4.69,10592.43094,6678565,,,2.19
LBY,Libya,2018,4.83,15017.99,6678565,15.13279989,2.66735579,2.19
LTU,Lithuania,2008,8.01,26784.88,2801543,,,7.5
LTU,Lithuania,2010,8.15,23942.76036,2801543,,,7.5
LTU,Lithuania,2012,8.18,27330.89595,2801543,,,7.5
LTU,Lithuania,2014,8.31,29855.83149,2801543,,,7.5
LTU,Lithuania,2016,8.4,31925.80342,2801543,,,7.5
LTU,Lithuania,2018,8.37,35427.46,2801543,3.936845901,2.614423033,7.5
MDG,Madagascar,2008,6.83,1700.7,26262313,,,5.22
MDG,Madagascar,2010,6.45,1553.404722,26262313,,,5.22
MDG,Madagascar,2012,6.9,1538.516397,26262313,,,5.22
MDG,Madagascar,2014,7.05,1540.744824,26262313,,,5.22
MDG,Madagascar,2016,6.67,1565.867553,26262313,,,5.22
MDG,Madagascar,2018,6.54,1592.05,26262313,3.2,6.71263895,5.22
MWI,Malawi,2008,6.67,1235.55,18143215,,,5.49
MWI,Malawi,2010,6.66,1350.59917,18143215,,,5.49
MWI,Malawi,2012,6.47,1362.604787,18143215,,,5.49
MWI,Malawi,2014,6.51,1432.055122,18143215,,,5.49
MWI,Malawi,2016,6.71,1428.423917,18143215,,,5.49
MWI,Malawi,2018,6.57,1471.04,18143215,4.420621465,7.639736774,5.49
MYS,Malaysia,2008,6.37,20103.5,31528033,,,6.88
MYS,Malaysia,2010,6.48,20536.37251,31528033,,,6.88
MYS,Malaysia,2012,6.43,22132.21692,31528033,,,6.88
MYS,Malaysia,2014,6.39,23906.22858,31528033,,,6.88
MYS,Malaysia,2016,6.75,25541.77051,31528033,,,6.88
MYS,Malaysia,2018,6.9,27558.14,31528033,4.769927024,4.831769889,6.88
MLI,Mali,2008,6.12,2012.28,19077755,,,5.41
MLI,Mali,2010,6.41,16305.79888,19077755,,,5.41
MLI,Mali,2012,6.11,16709.12932,19077755,,,5.41
MLI,Mali,2014,6.21,17568.40991,19077755,,,5.41
MLI,Mali,2016,5.92,17584.14754,19077755,,,5.41
MLI,Mali,2018,5.92,2283.7,19077755,4.746484327,4.773145081,5.41
MLT,Malta,2008,8.3,31893.36,484630,,,8.21
MLT,Malta,2010,8.42,32867.94003,484630,,,8.21
MLT,Malta,2012,8.38,33929.33992,484630,,,8.21
MLT,Malta,2014,8.41,37230.27839,484630,,,8.21
MLT,Malta,2016,8.42,40536.71818,484630,,,8.21
MLT,Malta,2018,8.33,43313.48,484630,5.179224796,3.826359416,8.21
MRT,Mauritania,2008,5.59,4919.84,4403312,,,3.82
MRT,Mauritania,2010,5.52,4767.377366,4403312,,,3.82
MRT,Mauritania,2012,5.92,4891.057383,4403312,,,3.82
MRT,Mauritania,2014,5.35,5008.688256,4403312,,,3.82
MRT,Mauritania,2016,5.38,5045.896724,4403312,,,3.82
MRT,Mauritania,2018,5.39,5042.43,4403312,2.115267637,-0.331079195,3.82
MUS,Mauritius,2008,8.17,15655.6,1265303,,,8.22
MUS,Mauritius,2010,8.17,16797.81724,1265303,,,8.22
MUS,Mauritius,2012,8.28,18014.99115,1265303,,,8.22
MUS,Mauritius,2014,8.02,19240.22471,1265303,,,8.22
MUS,Mauritius,2016,7.72,20646.933,1265303,,,8.22
MUS,Mauritius,2018,7.55,22208.14,1265303,3.759677231,5.38696257,8.22
MEX,Mexico,2008,7.06,18396.81,126190782,,,6.19
MEX,Mexico,2010,6.77,17790.01192,126190782,,,6.19
MEX,Mexico,2012,6.53,18594.89447,126190782,,,6.19
MEX,Mexico,2014,6.85,18887.56744,126190782,,,6.19
MEX,Mexico,2016,6.93,19539.26125,126190782,,,6.19
MEX,Mexico,2018,6.85,19928.4,126190782,2.194992049,1.143584587,6.19
MDA,Moldova,2008,6.97,8473.75,2708214,,,5.85
MDA,Moldova,2010,6.91,8550.170639,2708214,,,5.85
MDA,Moldova,2012,6.98,9000.658925,2708214,,,5.85
MDA,Moldova,2014,6.99,10314.40965,2708214,,,5.85
MDA,Moldova,2016,7.09,10942.55087,2708214,,,5.85
MDA,Moldova,2018,7.18,12363.15,2708214,4.301477742,7.800000145,5.85
MNG,Mongolia,2008,7.47,7360.68,3170214,,,6.5
MNG,Mongolia,2010,7.11,7479.780902,3170214,,,6.5
MNG,Mongolia,2012,7.27,9488.342966,3170214,,,6.5
MNG,Mongolia,2014,7.52,10980.324,3170214,,,6.5
MNG,Mongolia,2016,7.6,10940.41865,3170214,,,6.5
MNG,Mongolia,2018,7.61,11915.56,3170214,7.246629636,8.900367946,6.5
MNE,Montenegro,2008,7.63,17391.03,622227,,,5.74
MNE,Montenegro,2010,7.83,16764.36237,622227,,,5.74
MNE,Montenegro,2012,7.75,16802.3983,622227,,,5.74
MNE,Montenegro,2014,7.75,17674.61841,622227,,,5.74
MNE,Montenegro,2016,7.27,18797.90562,622227,,,5.74
MNE,Montenegro,2018,7.46,20686.58,622227,5.077865034,7.222790871,5.74
MAR,Morocco,2008,6.19,5952.66,36029089,,,4.99
MAR,Morocco,2010,6.15,6281.464191,36029089,,,4.99
MAR,Morocco,2012,6.17,6625.463454,36029089,,,4.99
MAR,Morocco,2014,6.09,6912.178002,36029089,,,4.99
MAR,Morocco,2016,6.26,7106.241249,36029089,,,4.99
MAR,Morocco,2018,6.28,7446.94,36029089,3.148502644,5.923277686,4.99
MOZ,Mozambique,2008,6.17,958.28,29496009,,,3.85
MOZ,Mozambique,2010,5.77,1027.208877,29496009,,,3.85
MOZ,Mozambique,2012,6.22,1120.128481,29496009,,,3.85
MOZ,Mozambique,2014,6.52,1217.088867,29496009,,,3.85
MOZ,Mozambique,2016,6.27,1273.783633,29496009,,,3.85
MOZ,Mozambique,2018,6.64,1289.74,29496009,3.44381384,7.317755324,3.85
MMR,Myanmar,2008,4.54,2617.14,53708318,,,3.83
MMR,Myanmar,2010,4.52,3129.920255,53708318,,,3.83
MMR,Myanmar,2012,4.67,3491.184692,53708318,,,3.83
MMR,Myanmar,2014,4.94,4020.036677,53708318,,,3.83
MMR,Myanmar,2016,5.55,4482.9268,53708318,,,3.83
MMR,Myanmar,2018,5.45,5029.19,53708318,6.750460146,10.25530539,3.83
NAM,Namibia,2008,7.09,8805.41,2448300,,,6.25
NAM,Namibia,2010,6.89,9031.160594,2448300,,,6.25
NAM,Namibia,2012,6.84,9626.539189,2448300,,,6.25
NAM,Namibia,2014,6.99,10413.31422,2448300,,,6.25
NAM,Namibia,2016,6.97,10471.27929,2448300,,,6.25
NAM,Namibia,2018,6.92,10092.26,2448300,1.108049093,2.649812009,6.25
NPL,Nepal,2008,7.09,2499.42,28095712,,,5.18
NPL,Nepal,2010,6.91,2703.414917,28095712,,,5.18
NPL,Nepal,2012,6.64,2922.619609,28095712,,,5.18
NPL,Nepal,2014,6.79,3217.44851,28095712,,,5.18
NPL,Nepal,2016,6.87,3315.814414,28095712,,,5.18
NPL,Nepal,2018,6.76,3773.72,28095712,7.622376105,6.104639142,5.18
NLD,Netherlands,2008,8.49,53848.25,17231624,,,8.89
NLD,Netherlands,2010,8.38,52032.9865,17231624,,,8.89
NLD,Netherlands,2012,8.4,51860.05599,17231624,,,8.89
NLD,Netherlands,2014,8.54,52186.99739,17231624,,,8.89
NLD,Netherlands,2016,8.55,53847.82655,17231624,,,8.89
NLD,Netherlands,2018,8.48,56060.91,17231624,2.360915095,2.170324851,8.89
NZL,New Zealand,2008,8.85,37933.15,4900600,,,9.26
NZL,New Zealand,2010,8.76,37657.1432,4900600,,,9.26
NZL,New Zealand,2012,8.6,38857.11589,4900600,,,9.26
NZL,New Zealand,2014,8.67,40432.24148,4900600,,,9.26
NZL,New Zealand,2016,8.87,41672.10124,4900600,,,9.26
NZL,New Zealand,2018,8.87,42866.13,4900600,3.20574788,-1.115041324,9.26
NIC,Nicaragua,2008,7.29,4693.63,6465502,,,3.63
NIC,Nicaragua,2010,7.24,4611.785692,6465502,,,3.63
NIC,Nicaragua,2012,6.87,5083.363011,6465502,,,3.63
NIC,Nicaragua,2014,6.88,5443.278082,6465502,,,3.63
NIC,Nicaragua,2016,6.76,5811.883058,6465502,,,3.63
NIC,Nicaragua,2018,6.54,5729.69,6465502,-3.363705717,3.435572996,3.63
NER,Niger,2008,6.08,1011.1,22442831,,,3.76
NER,Niger,2010,6.58,1036.904305,22442831,,,3.76
NER,Niger,2012,6.1,1085.542828,22442831,,,3.76
NER,Niger,2014,6.04,1127.614075,22442831,,,3.76
NER,Niger,2016,5.87,1151.657874,22442831,,,3.76
NER,Niger,2018,5.97,1200.97,22442831,7.219172668,7.731414229,3.76
NGA,Nigeria,2008,6.1,4458.62,195874685,,,4.44
NGA,Nigeria,2010,5.82,4932.3348,195874685,,,4.44
NGA,Nigeria,2012,5.49,5131.372645,195874685,,,4.44
NGA,Nigeria,2014,5.75,5516.385598,195874685,,,4.44
NGA,Nigeria,2016,6.29,5284.893228,195874685,,,4.44
NGA,Nigeria,2018,6.05,5155.08,195874685,1.922757342,6.764472778,4.44
MKD,North Macedonia,2008,7.5,13044.76,2082957,,,5.87
MKD,North Macedonia,2014,7.32,14524.1947,2082957,,,5.87
MKD,North Macedonia,2016,7.29,15491.74359,2082957,,,5.87
MKD,North Macedonia,2018,7.4,16093.31,2082957,2.88059671,5.47200139,5.87
NOR,Norway,2008,8.59,63570.36,5311916,,,9.87
NOR,Norway,2010,8.53,61353.49639,5311916,,,9.87
NOR,Norway,2012,8.48,61990.71162,5311916,,,9.87
NOR,Norway,2014,8.49,62390.1497,5311916,,,9.87
NOR,Norway,2016,8.56,63104.10039,5311916,,,9.87
NOR,Norway,2018,8.45,64341.26,5311916,1.118828827,0.476379999,9.87
OMN,Oman,2008,6.27,34689.57,4829476,,,3.04
OMN,Oman,2010,6.1,33864.98374,4829476,,,3.04
OMN,Oman,2012,6.34,32961.59043,4829476,,,3.04
OMN,Oman,2014,6.32,30530.49931,4829476,,,3.04
OMN,Oman,2016,6.02,30184.87016,4829476,,,3.04
OMN,Oman,2018,6.03,28350.94,4829476,0.919398934,8.200077978,3.04
PAK,Pakistan,2008,5.4,3908.6,212228288,,,4.17
PAK,Pakistan,2010,5.38,3906.873971,212228288,,,4.17
PAK,Pakistan,2012,5.41,3980.74865,212228288,,,4.17
PAK,Pakistan,2014,5.28,4171.29183,212228288,,,4.17
PAK,Pakistan,2016,5.51,4421.581929,212228288,,,4.17
PAK,Pakistan,2018,5.64,4739.47,212228288,5.836417498,1.701405465,4.17
PAN,Panama,2008,7.62,20636.93,4176868,,,7.05
PAN,Panama,2010,7.34,21343.30499,4176868,,,7.05
PAN,Panama,2012,7.53,25196.23927,4176868,,,7.05
PAN,Panama,2014,7.67,27352.51939,4176868,,,7.05
PAN,Panama,2016,7.81,29332.41454,4176868,,,7.05
PAN,Panama,2018,7.87,31012.95,4176868,3.598112758,9.855654852,7.05
PNG,Papua New Guinea,2008,7.16,3035.17,8606324,,,6.03
PNG,Papua New Guinea,2010,7.12,3406.64404,8606324,,,6.03
PNG,Papua New Guinea,2012,6.76,3453.387112,8606324,,,6.03
PNG,Papua New Guinea,2014,6.92,3909.33866,8606324,,,6.03
PNG,Papua New Guinea,2016,6.74,4222.524993,8606324,,,6.03
PNG,Papua New Guinea,2018,6.72,4190.09,8606324,-0.279252285,-0.296457846,6.03
PRY,Paraguay,2008,7.26,9657.68,6956069,,,6.24
PRY,Paraguay,2010,6.93,10415.65644,6956069,,,6.24
PRY,Paraguay,2012,6.95,10493.81277,6956069,,,6.24
PRY,Paraguay,2014,6.85,11643.72751,6956069,,,6.24
PRY,Paraguay,2016,7.15,12170.78439,6956069,,,6.24
PRY,Paraguay,2018,7.19,12827.71,6956069,3.204250341,6.49629212,6.24
PER,Peru,2008,7.68,9341.23,31989265,,,6.6
PER,Peru,2010,7.47,10066.46757,31989265,,,6.6
PER,Peru,2012,7.58,11176.08672,31989265,,,6.6
PER,Peru,2014,7.36,11877.07893,31989265,,,6.6
PER,Peru,2016,7.67,12403.68714,31989265,,,6.6
PER,Peru,2018,7.68,12781.42,31989265,3.96915687,9.126568301,6.6
PHL,Philippines,2008,7.03,5618.48,106651394,,,6.71
PHL,Philippines,2010,7.26,5918.373229,106651394,,,6.71
PHL,Philippines,2012,6.83,6351.264942,106651394,,,6.71
PHL,Philippines,2014,6.53,6973.638909,106651394,,,6.71
PHL,Philippines,2016,7,7705.05377,106651394,,,6.71
PHL,Philippines,2018,6.9,8516.14,106651394,6.341485571,4.344487305,6.71
POL,Poland,2008,8.1,22444.91,37974750,,,6.67
POL,Poland,2010,8.04,23996.13978,37974750,,,6.67
POL,Poland,2012,8.17,25457.20646,37974750,,,6.67
POL,Poland,2014,8.3,26649.57728,37974750,,,6.67
POL,Poland,2016,7.88,28682.69393,37974750,,,6.67
POL,Poland,2018,7.72,31674.13,37974750,5.353704746,4.199962292,6.67
PRT,Portugal,2008,8.19,32307.91,10283822,,,7.84
PRT,Portugal,2010,8.01,31798.15381,10283822,,,7.84
PRT,Portugal,2012,8.14,30156.70158,10283822,,,7.84
PRT,Portugal,2014,8.32,30444.60021,10283822,,,7.84
PRT,Portugal,2016,8.29,31847.53773,10283822,,,7.84
PRT,Portugal,2018,8.27,34040.73,10283822,2.849326461,0.319247925,7.84
QAT,Qatar,2008,,92555.3,2781682,,,3.19
QAT,Qatar,2010,5.98,95908.31282,2781682,,,3.19
QAT,Qatar,2012,6.29,96261.48733,2781682,,,3.19
QAT,Qatar,2014,6.38,95578.26151,2781682,,,3.19
QAT,Qatar,2016,6.19,95601.80731,2781682,,,3.19
QAT,Qatar,2018,6.07,90970.06,2781682,1.234872192,17.66355636,3.19
ROU,Romania,2008,8.06,22044.31,19473970,,,6.38
ROU,Romania,2010,8.1,20303.1628,19473970,,,6.38
ROU,Romania,2012,7.98,21311.13363,19473970,,,6.38
ROU,Romania,2014,8.06,23084.37478,19473970,,,6.38
ROU,Romania,2016,8.22,25145.01335,19473970,,,6.38
ROU,Romania,2018,8.09,28523.47,19473970,4.474523775,9.307467171,6.38
RUS,Russian Federation,2008,6.43,24887.85,144477859,,,2.94
RUS,Russian Federation,2010,6.57,23961.22029,144477859,,,2.94
RUS,Russian Federation,2012,6.36,25933.29266,144477859,,,2.94
RUS,Russian Federation,2014,6.39,26057.15531,144477859,,,2.94
RUS,Russian Federation,2016,6.23,25490.70826,144477859,,,2.94
RUS,Russian Federation,2018,6.31,26656.41,144477859,2.80724541,5.199969265,2.94
RWA,Rwanda,2008,6.88,1393.03,12301969,,,3.35
RWA,Rwanda,2010,6.5,1507.16501,12301969,,,3.35
RWA,Rwanda,2012,6.38,1682.206491,12301969,,,3.35
RWA,Rwanda,2014,6.78,1780.144976,12301969,,,3.35
RWA,Rwanda,2016,6.97,1950.526265,12301969,,,3.35
RWA,Rwanda,2018,6.97,2088.75,12301969,8.579424541,11.16124324,3.35
SAU,Saudi Arabia,2008,,45340.12,33702757,,,1.93
SAU,Saudi Arabia,2010,5.52,44036.76735,33702757,,,1.93
SAU,Saudi Arabia,2012,5.37,48024.45967,33702757,,,1.93
SAU,Saudi Arabia,2014,5.31,48209.13733,33702757,,,1.93
SAU,Saudi Arabia,2016,5.34,48625.84382,33702757,,,1.93
SAU,Saudi Arabia,2018,5.29,47592.77,33702757,2.434110781,6.249772755,1.93
SEN,Senegal,2008,6.26,2780.62,15854324,,,6.15
SEN,Senegal,2010,6.35,2797.11016,15854324,,,6.15
SEN,Senegal,2012,6.2,2788.671459,15854324,,,6.15
SEN,Senegal,2014,6.41,2868.315877,15854324,,,6.15
SEN,Senegal,2016,6.37,3067.665577,15854324,,,6.15
SEN,Senegal,2018,6.66,3309.49,15854324,6.209241034,3.703169064,6.15
SRB,Serbia,2008,7.35,14691.78,6982604,,,6.41
SRB,Serbia,2010,7.07,14510.9633,6982604,,,6.41
SRB,Serbia,2012,6.99,14894.19593,6982604,,,6.41
SRB,Serbia,2014,7.02,15226.32017,6982604,,,6.41
SRB,Serbia,2016,7.33,16182.82169,6982604,,,6.41
SRB,Serbia,2018,7.34,17452.8,6982604,4.495121293,5.655576622,6.41
SYC,Seychelles,2008,,20584.08,96762,,,
SYC,Seychelles,2014,7.41,24848.61022,96762,,,
SYC,Seychelles,2016,7.6,26309.6859,96762,,,
SYC,Seychelles,2018,7.34,27342.16,96762,1.327618768,-2.146892655,n
SLE,Sierra Leone,2008,6.56,1360.16,7650149,,,4.66
SLE,Sierra Leone,2010,6.05,1413.563736,7650149,,,4.66
SLE,Sierra Leone,2012,6.05,1654.412185,7650149,,,4.66
SLE,Sierra Leone,2014,6.03,1997.509291,7650149,,,4.66
SLE,Sierra Leone,2016,6.12,1610.550969,7650149,,,4.66
SLE,Sierra Leone,2018,6.21,1663.29,7650149,3.446162621,5.39828521,4.66
SGP,Singapore,2008,8.15,71629.83,5638676,,,6.38
SGP,Singapore,2010,7.98,78294.03142,5638676,,,6.38
SGP,Singapore,2012,7.79,83112.00734,5638676,,,6.38
SGP,Singapore,2014,7.86,87959.41675,5638676,,,6.38
SGP,Singapore,2016,8.2,91307.50362,5638676,,,6.38
SGP,Singapore,2018,8.21,98222.85,5638676,3.497469601,1.868245534,6.38
SVK,Slovak Republic,2008,8.29,25451.15,5446771,,,7.1
SVK,Slovak Republic,2010,8.12,25417.81236,5446771,,,7.1
SVK,Slovak Republic,2012,8.07,26557.79138,5446771,,,7.1
SVK,Slovak Republic,2014,8.12,27384.97181,5446771,,,7.1
SVK,Slovak Republic,2016,8.06,29250.11804,5446771,,,7.1
SVK,Slovak Republic,2018,7.95,31132.57,5446771,3.650123358,5.574886362,7.1
SVN,Slovenia,2008,8.02,36081.13,2073894,,,7.5
SVN,Slovenia,2010,7.57,33355.84763,2073894,,,7.5
SVN,Slovenia,2012,7.8,32618.60888,2073894,,,7.5
SVN,Slovenia,2014,7.9,33098.94416,2073894,,,7.5
SVN,Slovenia,2016,8.04,34858.51195,2073894,,,7.5
SVN,Slovenia,2018,8.05,37968.35,2073894,4.422521568,3.509841517,7.5
ZAF,South Africa,2008,6.88,12628.2,57792520,,,7.24
ZAF,South Africa,2010,6.8,12452.33753,57792520,,,7.24
ZAF,South Africa,2012,7.01,12743.93861,57792520,,,7.24
ZAF,South Africa,2014,6.92,12884.4846,57792520,,,7.24
ZAF,South Africa,2016,6.98,12702.91708,57792520,,,7.24
ZAF,South Africa,2018,7.07,12627.93,57792520,0.78705557,3.191046741,7.24
ESP,Spain,2008,8.29,39240.4,46797754,,,8.08
ESP,Spain,2010,8.23,37319.47622,46797754,,,8.08
ESP,Spain,2012,7.94,35769.46003,46797754,,,8.08
ESP,Spain,2014,7.95,35968.62014,46797754,,,8.08
ESP,Spain,2016,8.23,38477.57918,46797754,,,8.08
ESP,Spain,2018,8.2,40312.55,46797754,2.288785676,0.887145182,8.08
LKA,Sri Lanka,2008,5.58,8274.18,21670000,,,6.19
LKA,Sri Lanka,2010,6.46,9126.865612,21670000,,,6.19
LKA,Sri Lanka,2012,6.16,10712.39735,21670000,,,6.19
LKA,Sri Lanka,2014,6.1,11428.1079,21670000,,,6.19
LKA,Sri Lanka,2016,6.62,12287.47307,21670000,,,6.19
LKA,Sri Lanka,2018,6.72,12860.32,21670000,3.272000479,5.950088145,6.19
SDN,Sudan,2008,,3048.3,41801532,,,2.15
SDN,Sudan,2016,4.34,4234.757536,41801532,,,2.15
SDN,Sudan,2018,4.01,4344.53,41801532,2.817443643,7.801963334,2.15
SUR,Suriname,2008,,17794,575987,,,6.98
SUR,Suriname,2010,7.51,18840.36897,575987,,,6.98
SUR,Suriname,2012,7.48,20020.315,575987,,,6.98
SUR,Suriname,2014,7.32,20210.99618,575987,,,6.98
SUR,Suriname,2016,6.88,18180.60261,575987,,,6.98
SUR,Suriname,2018,7.31,19005.65,575987,4.948270766,4.143406525,6.98
SWE,Sweden,2008,8.5,47963.49,10175214,,,9.39
SWE,Sweden,2010,8.52,47791.37152,10175214,,,9.39
SWE,Sweden,2012,8.47,48300.8425,10175214,,,9.39
SWE,Sweden,2014,8.42,49258.99616,10175214,,,9.39
SWE,Sweden,2016,8.54,51334.43203,10175214,,,9.39
SWE,Sweden,2018,8.52,52349.29,10175214,1.950022846,-0.450559257,9.39
CHE,Switzerland,2008,8.81,66598.86,8514329,,,9.03
CHE,Switzerland,2010,8.82,65819.73725,8514329,,,9.03
CHE,Switzerland,2012,8.8,66440.28702,8514329,,,9.03
CHE,Switzerland,2014,8.83,67682.68618,8514329,,,9.03
CHE,Switzerland,2016,8.77,68663.24382,8514329,,,9.03
CHE,Switzerland,2018,8.82,70663.49,8514329,2.916905098,2.755511436,9.03
TJK,Tajikistan,2008,,2255.02,9100847,,,1.93
TJK,Tajikistan,2010,6.75,2390.022174,9100847,,,1.93
TJK,Tajikistan,2012,6.59,2637.654267,9100847,,,1.93
TJK,Tajikistan,2014,6.8,2884.200225,9100847,,,1.93
TJK,Tajikistan,2016,5.91,3113.254517,9100847,,,1.93
TJK,Tajikistan,2018,5.77,3415.32,9100847,7.599999387,7.899998272,1.93
TZA,Tanzania,2008,6.36,1899.48,56313444,,,5.41
TZA,Tanzania,2010,6.6,2006.971326,56313444,,,5.41
TZA,Tanzania,2012,6.58,2128.52893,56313444,,,5.41
TZA,Tanzania,2014,6.57,2284.961757,56313444,,,5.41
TZA,Tanzania,2016,6.47,2441.636945,56313444,,,5.41
TZA,Tanzania,2018,6.28,2590.2,56313444,5.444967632,5.68641686,5.41
THA,Thailand,2008,7.01,13620.53,69428454,,,4.63
THA,Thailand,2010,7.23,14399.04451,69428454,,,4.63
THA,Thailand,2012,6.73,15424.54427,69428454,,,4.63
THA,Thailand,2014,6.49,15854.13186,69428454,,,4.63
THA,Thailand,2016,6.29,16782.09867,69428454,,,4.63
THA,Thailand,2018,6.37,18095.74,69428454,4.189585496,1.725698849,4.63
TLS,Timor-Leste,2008,,2521.54,1267975,,,7.19
TLS,Timor-Leste,2016,6.51,3344.570884,1267975,,,7.19
TLS,Timor-Leste,2018,6.89,14845.34,1267975,-1.053902251,11.33596537,7.19
TGO,Togo,2008,5.88,1532.42,7889095,,,3.1
TGO,Togo,2010,5.58,1625.545446,7889095,,,3.1
TGO,Togo,2012,5.41,1746.931262,7889095,,,3.1
TGO,Togo,2014,5.82,1863.281894,7889095,,,3.1
TGO,Togo,2016,6.21,1976.807793,7889095,,,3.1
TGO,Togo,2018,6.13,2061.33,7889095,4.9762131,4.062252828,3.1
TTO,Trinidad and Tobago,2008,7.09,29538.91,1389841,,,7.16
TTO,Trinidad and Tobago,2010,6.8,28879.28737,1389841,,,7.16
TTO,Trinidad and Tobago,2012,6.81,28798.497,1389841,,,7.16
TTO,Trinidad and Tobago,2014,6.82,28796.55907,1389841,,,7.16
TTO,Trinidad and Tobago,2016,7,27281.85826,1389841,,,7.16
TTO,Trinidad and Tobago,2018,7.13,3051.67,1389841,0.066049775,3.391737078,7.16
TUN,Tunisia,2008,5.89,9682.79,11565203,,,6.41
TUN,Tunisia,2010,5.96,10113.37035,11565203,,,6.41
TUN,Tunisia,2012,6.26,10123.42966,11565203,,,6.41
TUN,Tunisia,2014,6.23,10498.84967,11565203,,,6.41
TUN,Tunisia,2016,6.14,10524.9136,11565203,,,6.41
TUN,Tunisia,2018,6.04,10763.73,11565203,2.663592389,4.237781547,6.41
TUR,Turkey,2008,7.04,19933.07,82340090,,,4.37
TUR,Turkey,2010,6.94,20027.66683,82340090,,,4.37
TUR,Turkey,2012,7.1,22610.68277,82340090,,,4.37
TUR,Turkey,2014,6.96,24881.72779,82340090,,,4.37
TUR,Turkey,2016,6.38,26385.00194,82340090,,,4.37
TUR,Turkey,2018,6.27,28312.68,82340090,2.958966728,0.815024573,4.37
UGA,Uganda,2008,6.57,1757.97,42729032,,,5.2
UGA,Uganda,2010,6.38,1861.282458,42729032,,,5.2
UGA,Uganda,2012,6.4,1983.880371,42729032,,,5.2
UGA,Uganda,2014,6.54,2022.29482,42729032,,,5.2
UGA,Uganda,2016,6.67,2075.011666,42729032,,,5.2
UGA,Uganda,2018,6.58,2121.97,42729032,6.162619139,8.708751901,5.2
UKR,Ukraine,2008,6.88,13195.88,44622518,,,5.69
UKR,Ukraine,2010,6.89,11778.3137,44622518,,,5.69
UKR,Ukraine,2012,6.96,12527.4655,44622518,,,5.69
UKR,Ukraine,2014,6.41,12408.9516,44622518,,,5.69
UKR,Ukraine,2016,6.25,11534.638,44622518,,,5.69
UKR,Ukraine,2018,6.45,12338,44622518,3.405295518,2.304024911,5.69
ARE,United Arab Emirates,2008,6.46,68798.42,9630966,,,2.76
ARE,United Arab Emirates,2010,6.67,54921.77558,9630966,,,2.76
ARE,United Arab Emirates,2012,6.27,57390.70052,9630966,,,2.76
ARE,United Arab Emirates,2014,6.36,62378.61005,9630966,,,2.76
ARE,United Arab Emirates,2016,6.39,66510.90299,9630966,,,2.76
ARE,United Arab Emirates,2018,6.17,66968,9630966,1.189855638,3.191836276,2.76
GBR,United Kingdom,2008,8.62,43670.41,66460344,,,8.53
GBR,United Kingdom,2010,8.46,42089.01364,66460344,,,8.53
GBR,United Kingdom,2012,8.52,42601.82841,66460344,,,8.53
GBR,United Kingdom,2014,8.61,44154.10561,66460344,,,8.53
GBR,United Kingdom,2016,8.54,45268.73045,66460344,,,8.53
GBR,United Kingdom,2018,8.44,46037.9,66460344,1.252590613,-0.278780161,8.53
USA,United States,2008,8.52,55271.66,326838199,,,7.96
USA,United States,2010,8.24,54315.91248,326838199,,,7.96
USA,United States,2012,8.26,55581.41384,326838199,,,7.96
USA,United States,2014,8.27,57213.26784,326838199,,,7.96
USA,United States,2016,8.52,59112.24221,326838199,,,7.96
USA,United States,2018,8.44,61585.76,326838199,2.996464352,-0.136579803,7.96
URY,Uruguay,2008,7.96,17266.53,3449290,,,8.38
URY,Uruguay,2010,8.05,19293.7408,3449290,,,8.38
URY,Uruguay,2012,7.96,20885.10524,3449290,,,8.38
URY,Uruguay,2014,7.83,22419.04375,3449290,,,8.38
URY,Uruguay,2016,7.87,22724.02213,3449290,,,8.38
URY,Uruguay,2018,7.92,23035.08,3449290,0.477907184,7.176144668,8.38
VNM,Vietnam,2008,6.18,4628.03,95545959,,,3.08
VNM,Vietnam,2010,6.35,5089.411016,95545959,,,3.08
VNM,Vietnam,2012,6.12,5574.493705,95545959,,,3.08
VNM,Vietnam,2014,6.12,6098.539148,95545959,,,3.08
VNM,Vietnam,2016,6.04,6767.778832,95545959,,,3.08
VNM,Vietnam,2018,6.25,7585.94,95545959,7.075788617,5.661771208,3.08
ZMB,Zambia,2008,6.95,2747.44,17351714,,,5.61
ZMB,Zambia,2010,6.48,3125.528849,17351714,,,5.61
ZMB,Zambia,2012,6.72,3339.269902,17351714,,,5.61
ZMB,Zambia,2014,6.52,3450.0376,17351714,,,5.61
ZMB,Zambia,2016,6.61,3467.887448,17351714,,,5.61
ZMB,Zambia,2018,6.71,3521.54,17351714,4.034378235,7.773895815,5.61
ZWE,Zimbabwe,2008,4.97,1880.8,14438812,,,3.16
ZWE,Zimbabwe,2010,4.79,2458.220626,14438812,,,3.16
ZWE,Zimbabwe,2012,4.82,3170.726522,14438812,,,3.16
ZWE,Zimbabwe,2014,5.24,3195.76797,14438812,,,3.16
ZWE,Zimbabwe,2016,5.77,3173.610829,14438812,,,3.16
ZWE,Zimbabwe,2018,5.59,3341.67,14438812,3.497159535,-17.66894629,3.16